INSERT INTO Roles (nombre) VALUES ('Administrador'), ('Cliente'), ('Veterinario');
INSERT INTO Documento (tipo) VALUES ('T.I'), ('C.C'), ('C.E');
INSERT INTO Usuarios (Documento, Correo_Electronico, Contraseña, id_documento) 
VALUES
('1234567890', 'admin1@correo.com', 'contrasena1', 2),
('1234567891', 'admin2@correo.com', 'contrasena2', 2),
('1234567892', 'admin3@correo.com', 'contrasena3', 2),
('1234567893', 'veterinario1@correo.com', 'contrasena4', 2),
('1234567894', 'veterinario2@correo.com', 'contrasena5', 2),
('1234567895', 'veterinario3@correo.com', 'contrasena6', 3),
('1234567896', 'veterinario4@correo.com', 'contrasena7', 2),
('1234567897', 'veterinario5@correo.com', 'contrasena8', 2),
('1234567898', 'usuario9@correo.com', 'contrasena9', 3),
('1234567899', 'usuario10@correo.com', 'contrasena10', 1),
('1234567800', 'usuario11@correo.com', 'contrasena11', 2),
('1234567801', 'usuario12@correo.com', 'contrasena12', 3),
('1234567802', 'usuario13@correo.com', 'contrasena13', 1),
('1234567803', 'usuario14@correo.com', 'contrasena14', 2),
('1234567804', 'usuario15@correo.com', 'contrasena15', 3),
('1234567805', 'usuario16@correo.com', 'contrasena16', 1),
('1234567806', 'usuario17@correo.com', 'contrasena17', 2),
('1234567807', 'usuario18@correo.com', 'contrasena18', 3),
('1234567808', 'usuario19@correo.com', 'contrasena19', 1),
('1234567809', 'usuario20@correo.com', 'contrasena20', 2),
('1234567810', 'usuario21@correo.com', 'contrasena21', 3),
('1234567811', 'usuario22@correo.com', 'contrasena22', 1),
('1234567812', 'usuario23@correo.com', 'contrasena23', 2),
('1234567813', 'usuario24@correo.com', 'contrasena24', 3),
('1234567814', 'usuario25@correo.com', 'contrasena25', 1),
('1234567815', 'usuario26@correo.com', 'contrasena26', 2),
('1234567816', 'usuario27@correo.com', 'contrasena27', 3),
('1234567817', 'usuario28@correo.com', 'contrasena28', 1),
('1234567818', 'usuario29@correo.com', 'contrasena29', 2),
('1234567819', 'usuario30@correo.com', 'contrasena30', 3),
('1234567820', 'usuario31@correo.com', 'contrasena31', 1),
('1234567821', 'usuario32@correo.com', 'contrasena32', 2),
('1234567822', 'usuario33@correo.com', 'contrasena33', 3),
('1234567823', 'usuario34@correo.com', 'contrasena34', 1),
('1234567824', 'usuario35@correo.com', 'contrasena35', 2),
('1234567825', 'usuario36@correo.com', 'contrasena36', 3),
('1234567826', 'usuario37@correo.com', 'contrasena37', 1),
('1234567827', 'usuario38@correo.com', 'contrasena38', 2),
('1234567828', 'usuario39@correo.com', 'contrasena39', 3),
('1234567829', 'usuario40@correo.com', 'contrasena40', 1);

INSERT INTO Administrador (id_Usuarios, id_Roles, Nombre) VALUES
(1, 1, 'Administrador 1'),
(2, 1, 'Administrador 2'),
(3, 1, 'Administrador 3');

INSERT INTO Veterinario (id_Usuarios, id_Roles, Nombre) VALUES
(4, 3, 'Veterinario 1'),
(5, 3, 'Veterinario 2'),
(6, 3, 'Veterinario 3'),
(7, 3, 'Veterinario 4'),
(8, 3, 'Veterinario 5');

INSERT INTO Cliente (id_Usuarios, id_Roles, Nombre) VALUES
(9, 2, 'Cliente 1'),
(10, 2, 'Cliente 2'),
(11, 2, 'Cliente 3'),
(12, 2, 'Cliente 4'),
(13, 2, 'Cliente 5'),
(14, 2, 'Cliente 6'),
(15, 2, 'Cliente 7'),
(16, 2, 'Cliente 8'),
(17, 2, 'Cliente 9'),
(18, 2, 'Cliente 10'),
(19, 2, 'Cliente 11'),
(20, 2, 'Cliente 12'),
(21, 2, 'Cliente 13'),
(22, 2, 'Cliente 14'),
(23, 2, 'Cliente 15'),
(24, 2, 'Cliente 16'),
(25, 2, 'Cliente 17'),
(26, 2, 'Cliente 18'),
(27, 2, 'Cliente 19'),
(28, 2, 'Cliente 20'),
(29, 2, 'Cliente 21'),
(30, 2, 'Cliente 22'),
(31, 2, 'Cliente 23'),
(32, 2, 'Cliente 24'),
(33, 2, 'Cliente 25'),
(34, 2, 'Cliente 26'),
(35, 2, 'Cliente 27'),
(36, 2, 'Cliente 28'),
(37, 2, 'Cliente 29'),
(38, 2, 'Cliente 30'),
(39, 2, 'Cliente 31'),
(40, 2, 'Cliente 32');

INSERT INTO Mascotas (id_Usuarios, nombre, especie, raza, edad) VALUES
(1, 'Firulais', 'Perro', 'Labrador', 3),
(1, 'Nala', 'Perro', 'Bulldog', 4),
(2, 'Romeo', 'Gato', 'Persa', 1),
(2, 'Pelusa', 'Gato', 'Siames', 2),
(3, 'Rocky', 'Perro', 'Bulldog', 4),
(4, 'Mia', 'Gato', 'Persa', 1),
(5, 'Rex', 'Perro', 'Labrador', 5),
(6, 'Bella', 'Hamster', 'Sirio', 6),
(7, 'Max', 'Perro', 'Bulldog', 2),
(8, 'Luna', 'Gato', 'Bengalí', 3),
(9, 'Toby', 'Perro', 'Labrador', 4),
(10, 'Miau', 'Gato', 'Siames', 1),
(11, 'Bruno', 'Perro', 'Bulldog', 7),
(12, 'Maya', 'Gato', 'Bengalí', 5),
(12, 'Katy', 'Perro', 'Labrador', 4),
(13, 'Coco', 'Perro', 'Labrador', 3),
(14, 'Lily', 'Hamster', 'Ruso', 2),
(15, 'Simba', 'Perro', 'Bulldog', 6),
(16, 'Chester', 'Gato', 'Bengalí', 4),
(17, 'Zeus', 'Perro', 'Labrador', 8),
(18, 'Sasha', 'Hamster', 'Sirio', 3),
(19, 'Buddy', 'Perro', 'Bulldog', 5),
(19, 'Mike', 'Perro', 'Bulldog', 4),
(19, 'Lord', 'Perro', 'Bulldog', 3),
(19, 'Johan', 'Perro', 'Bulldog', 2),
(19, 'Adolf Haniel', 'Perro', 'Bulldog', 5),
(20, 'Zoe', 'Gato', 'Bengalí', 2),
(21, 'Duke', 'Perro', 'Labrador', 6),
(18, 'Fluffy', 'Hamster', 'Ruso', 7),
(19, 'Leo', 'Perro', 'Bulldog', 2),
(20, 'Luna', 'Gato', 'Bengalí', 1),
(23, 'Cleo', 'Perro', 'Labrador', 4),
(22, 'Pepper', 'Hamster', 'Sirio', 3),
(20, 'Jack', 'Perro', 'Bulldog', 5),
(21, 'Tina', 'Gato', 'Bengalí', 6),
(23, 'Oreo', 'Perro', 'Labrador', 2),
(22, 'Princess', 'Hamster', 'Ruso', 4),
(23, 'Scout', 'Perro', 'Bulldog', 3),
(24, 'Sage', 'Perro', 'Bulldog', 4),
(24, 'Yoru', 'Hamster', 'Sirio', 3),
(24, 'Zara', 'Gato', 'Bengalí', 5);

INSERT INTO Servicios (servicio) VALUES
('1'), ('2'), ('3'), ('4'), ('5');
INSERT INTO Citas (id_Usuarios, id_Veterinario, id_Mascotas, id_Servicios, fecha, Descripcion) VALUES
(1, 1, 1, 1, '2025-03-15', 'Consulta general'),
(1, 2, 2, 2, '2025-03-16', 'Vacunación'),
(2, 3, 3, 3, '2025-03-17', 'Chequeo de salud'),
(2, 4, 4, 4, '2025-03-18', 'Examen físico'),
(3, 5, 5, 5, '2025-03-19', 'Consulta por dolor'),
(4, 1, 6, 1, '2025-03-20', 'Chequeo general'),
(5, 2, 7, 2, '2025-03-21', 'Vacunas de refuerzo'),
(6, 3, 8, 3, '2025-03-22', 'Revisión dental'),
(7, 4, 9, 4, '2025-03-23', 'Revisión ocular'),
(8, 5, 10, 5, '2025-03-24', 'Corte de uñas'),
(9, 1, 11, 1, '2025-03-25', 'Consulta por enfermedad'),
(10, 2, 12, 2, '2025-03-26', 'Revisión de piel'),
(11, 3, 13, 3, '2025-03-27', 'Revisión de peso'),
(12, 4, 14, 4, '2025-03-28', 'Consulta de salud'),
(12, 5, 15, 5, '2025-03-29', 'Revisión médica'),
(13, 1, 16, 1, '2025-03-30', 'Chequeo regular'),
(14, 2, 17, 2, '2025-03-31', 'Revisión de mandíbula'),
(15, 3, 18, 3, '2025-04-01', 'Consulta por infección'),
(16, 4, 19, 4, '2025-04-02', 'Corte de uñas y pelo'),
(17, 5, 20, 5, '2025-04-03', 'Chequeo general'),
(18, 1, 21, 1, '2025-04-04', 'Vacunación'),
(19, 2, 22, 2, '2025-04-05', 'Consulta por alergias'),
(20, 3, 23, 3, '2025-04-06', 'Revisión ocular'),
(21, 4, 24, 4, '2025-04-07', 'Chequeo completo'),
(22, 5, 25, 5, '2025-04-08', 'Revisión médica'),
(23, 1, 26, 1, '2025-04-09', 'Consulta por caída de pelo'),
(24, 2, 27, 2, '2025-04-10', 'Revisión de dentadura'),
(1, 3, 28, 3, '2025-04-11', 'Chequeo de salud general'),
(2, 4, 29, 4, '2025-04-12', 'Revisión física'),
(3, 5, 30, 5, '2025-04-13', 'Corte de pelo y uñas'),
(4, 1, 31, 1, '2025-04-14', 'Chequeo por cansancio'),
(5, 2, 32, 2, '2025-04-15', 'Revisión de orejas'),
(6, 3, 33, 3, '2025-04-16', 'Chequeo ocular'),
(7, 4, 34, 4, '2025-04-17', 'Revisión de piel'),
(8, 5, 35, 5, '2025-04-18', 'Revisión general'),
(9, 1, 36, 1, '2025-04-19', 'Consulta de salud'),
(10, 2, 37, 2, '2025-04-20', 'Revisión de dentadura'),
(11, 3, 38, 3, '2025-04-21', 'Chequeo general'),
(12, 4, 39, 4, '2025-04-22', 'Consulta por alergias'),
(13, 5, 40, 5, '2025-04-23', 'Chequeo completo');
INSERT INTO Alertas (id_Veterinario, id_Usuarios, id_Mascotas, Fecha, descripcion) VALUES
(1, 1, 1, '2025-04-15', 'Vacuna de refuerzo recomendada para Firulais.'),
(2, 2, 3, '2025-04-16', 'Revisión de piel para Romeo, posible alergia.'),
(3, 3, 5, '2025-04-17', 'Chequeo de peso recomendado para Rocky.'),
(4, 4, 6, '2025-04-18', 'Revisión general de salud para Mia.'),
(5, 5, 7, '2025-04-19', 'Vacuna de rabia pendiente para Rex.'),
(1, 6, 8, '2025-04-20', 'Revisión dental recomendada para Bella.'),
(2, 7, 9, '2025-04-21', 'Chequeo general para Max, falta de control.'),
(3, 8, 10, '2025-04-22', 'Revisión ocular para Luna, signos de irritación.'),
(4, 9, 11, '2025-04-23', 'Consulta por dolor en las patas para Toby.'),
(5, 10, 12, '2025-04-24', 'Corte de uñas necesario para Miau.'),
(1, 11, 13, '2025-04-25', 'Vacuna de refuerzo pendiente para Bruno.'),
(2, 12, 14, '2025-04-26', 'Chequeo de salud general para Maya.'),
(3, 13, 16, '2025-04-27', 'Revisión ocular recomendada para Coco.'),
(4, 14, 17, '2025-04-28', 'Consulta por posibles infecciones de piel para Lily.'),
(5, 15, 18, '2025-04-29', 'Revisión completa recomendada para Simba.'),
(1, 16, 19, '2025-04-30', 'Chequeo general para Chester, revisar signos de debilidad.'),
(2, 17, 20, '2025-05-01', 'Corte de pelo y uñas recomendado para Zeus.'),
(3, 18, 21, '2025-05-02', 'Revisión de piel para Sasha, posibles alergias.'),
(4, 19, 22, '2025-05-03', 'Chequeo de peso para Buddy, posible sobrepeso.'),
(5, 20, 23, '2025-05-04', 'Examen general de salud recomendado para Zoe.'),
(1, 21, 24, '2025-05-05', 'Vacuna de refuerzo pendiente para Duke.'),
(2, 22, 25, '2025-05-06', 'Chequeo de corazón recomendado para Fluffy.'),
(3, 23, 26, '2025-05-07', 'Revisión dental urgente para Leo.'),
(4, 24, 27, '2025-05-08', 'Consulta de salud general para Luna.'),
(5, 25, 28, '2025-05-09', 'Revisión de piel para Cleo, signos de dermatitis.'),
(1, 26, 29, '2025-05-10', 'Chequeo de salud general recomendado para Pepper.'),
(2, 27, 30, '2025-05-11', 'Corte de pelo y uñas recomendado para Jack.'),
(3, 28, 31, '2025-05-12', 'Revisión de peso recomendada para Tina.'),
(4, 29, 32, '2025-05-13', 'Revisión ocular para Oreo, signos de irritación.'),
(5, 30, 33, '2025-05-14', 'Chequeo de piel recomendado para Princess.'),
(1, 31, 34, '2025-05-15', 'Vacuna de rabia necesaria para Scout.'),
(2, 32, 35, '2025-05-16', 'Chequeo general recomendado para Sage.');


